Username,Phone,Company,Email
samuel53,665.948.8777,Murphy-Diaz,devonmack@example.net
katiejohnson,+1-599-870-8975x4956,,michael08@example.org
smithwilliam,678-912-1774,"Camacho, Rogers and Nguyen",
donaldcortez,001-705-430-7077x898,,kelsey04@example.org
gkemp,001-727-619-2499x183,,alexisbryant@example.org
tranemily,386.458.0010,"Bray, Parker and Mitchell",lewisbrandon@example.org
tanyaoconnor,001-735-235-1206x3890,,emilydavid@example.net
chenrobert,342.666.1791,Butler-Patrick,mercedesberry@example.com
luis86,540-345-3266x406,Sanders Inc,
hshah,628.897.6924x203,Goodwin and Sons,ijones@example.com
mendezjon,5502635321,White-Vargas,philipgardner@example.org
cathyhartman,880.536.8814,,jessica60@example.net
jnewman,730-649-7438x4828,,petersoncatherine@example.net
casey03,(839)464-0054x3171,Carr-Carroll,howelljoanna@example.net
knoxross,+1-406-566-7529x5408,"Castro, Myers and Collins",qvaughn@example.net
kaitlynbarr,608-597-7942,Rollins-Reed,olivia55@example.org
colecalvin,342-346-8767x6333,Duarte-Williams,stanleybarnes@example.net
vanessasanders,001-624-819-7856x8957,Brown-Collins,westjennifer@example.com
fmartin,800.265.0950x61158,"Hart, Jones and Lee",frivas@example.org
gwilson,7903332545,"Chapman, Richards and Hayes",baldwinaudrey@example.com
hoffmanchase,957.849.8526,Padilla-Evans,antoniomurray@example.net
robinhopkins,(652)936-6261,Charles-Aguilar,castillolinda@example.com
bmartin,791.383.8906x76703,"Vazquez, Shannon and Bennett",ericroberts@example.net
igomez,9479787944,Wright-White,holmesjames@example.com
heatherpearson,8777589842,Obrien-Yates,
ythompson,+1-946-414-6138x0547,Byrd LLC,hulljonathan@example.org
darroyo,+1-725-802-8247,"Carney, Kane and Little",victoria68@example.com
madelinehernandez,001-387-726-6622x995,Soto Group,
jenniferobrien,+1-922-210-5743x42393,Garcia-Long,wellis@example.org
rachelalvarez,001-509-920-7766x8630,"Holden, Gonzalez and Gutierrez",
vgarcia,410.720.4887,Berry-Hansen,
susanarmstrong,880.618.8634x649,,
ywallace,+1-636-310-7510,Bowen Ltd,lukenorris@example.com
holly78,429.857.6500x18159,"Woods, Moore and Morales",
crystalstanley,+1-404-342-6756x01169,Meyer Inc,amckee@example.net
randy43,(241)565-5706x378,Brown Group,michaelortiz@example.org
smiththomas,(747)485-4031x523,Sanchez-Martin,walshdanielle@example.org
james33,(296)978-0091x06523,,travis68@example.net
robertmckay,(662)985-2024,Long PLC,zbarr@example.net
julie58,+1-283-541-3155x381,White-Pierce,larry08@example.com
